,humidity,pressure,temperature,wind_direction,wind_speed
min,0,805.2083333333334,248.4628125,0,0.0
max,100,1098.5,316.038,360,18.458333333333332
